timestamp_ms,elapsed_s,chain_url,block_number,epoch_id,phase,submissions_count,delta_from_initial,hit_cap
1781954746928,0.014,ws://10.2.2.11:9945,197,3,Collecting,0,0,0
1781954746928,0.014,ws://10.2.2.14:9946,197,3,Collecting,0,0,0
1781954746928,0.014,ws://10.2.2.17:9947,197,3,Collecting,0,0,0
1781954747161,0.247,ws://10.2.2.11:9945,197,3,Collecting,0,0,0
1781954747161,0.247,ws://10.2.2.14:9946,197,3,Collecting,0,0,0
1781954747161,0.247,ws://10.2.2.17:9947,197,3,Collecting,0,0,0
1781954747393,0.479,ws://10.2.2.11:9945,197,3,Collecting,0,0,0
1781954747393,0.479,ws://10.2.2.14:9946,197,3,Collecting,0,0,0
1781954747393,0.479,ws://10.2.2.17:9947,197,3,Collecting,0,0,0
1781954747624,0.710,ws://10.2.2.11:9945,197,3,Collecting,0,0,0
1781954747624,0.710,ws://10.2.2.14:9946,197,3,Collecting,0,0,0
1781954747624,0.710,ws://10.2.2.17:9947,197,3,Collecting,0,0,0
1781954747857,0.943,ws://10.2.2.11:9945,197,3,Collecting,0,0,0
1781954747857,0.943,ws://10.2.2.14:9946,197,3,Collecting,0,0,0
1781954747857,0.943,ws://10.2.2.17:9947,197,3,Collecting,0,0,0
1781954748086,1.172,ws://10.2.2.11:9945,198,3,Collecting,0,0,0
1781954748086,1.172,ws://10.2.2.14:9946,198,3,Collecting,0,0,0
1781954748086,1.172,ws://10.2.2.17:9947,198,3,Collecting,0,0,0
1781954748310,1.396,ws://10.2.2.11:9945,198,3,Collecting,0,0,0
1781954748310,1.396,ws://10.2.2.14:9946,198,3,Collecting,0,0,0
1781954748310,1.396,ws://10.2.2.17:9947,198,3,Collecting,0,0,0
1781954748541,1.627,ws://10.2.2.11:9945,198,3,Collecting,0,0,0
1781954748541,1.627,ws://10.2.2.14:9946,198,3,Collecting,0,0,0
1781954748541,1.627,ws://10.2.2.17:9947,198,3,Collecting,0,0,0
1781954748773,1.859,ws://10.2.2.11:9945,198,3,Collecting,0,0,0
1781954748773,1.859,ws://10.2.2.14:9946,198,3,Collecting,0,0,0
1781954748773,1.859,ws://10.2.2.17:9947,198,3,Collecting,0,0,0
1781954749000,2.086,ws://10.2.2.11:9945,198,3,Collecting,0,0,0
1781954749000,2.086,ws://10.2.2.14:9946,198,3,Collecting,0,0,0
1781954749000,2.086,ws://10.2.2.17:9947,198,3,Collecting,0,0,0
1781954749230,2.316,ws://10.2.2.11:9945,198,3,Collecting,0,0,0
1781954749230,2.316,ws://10.2.2.14:9946,198,3,Collecting,0,0,0
1781954749230,2.316,ws://10.2.2.17:9947,198,3,Collecting,0,0,0
1781954749458,2.544,ws://10.2.2.11:9945,198,3,Collecting,0,0,0
1781954749458,2.544,ws://10.2.2.14:9946,198,3,Collecting,0,0,0
1781954749458,2.544,ws://10.2.2.17:9947,198,3,Collecting,0,0,0
1781954749690,2.776,ws://10.2.2.11:9945,198,3,Collecting,0,0,0
1781954749690,2.776,ws://10.2.2.14:9946,198,3,Collecting,0,0,0
1781954749690,2.776,ws://10.2.2.17:9947,198,3,Collecting,0,0,0
1781954749920,3.006,ws://10.2.2.11:9945,198,3,Collecting,0,0,0
1781954749920,3.006,ws://10.2.2.14:9946,198,3,Collecting,0,0,0
1781954749920,3.006,ws://10.2.2.17:9947,198,3,Collecting,0,0,0
1781954750136,3.222,ws://10.2.2.11:9945,199,3,Collecting,0,0,0
1781954750136,3.222,ws://10.2.2.14:9946,199,3,Collecting,0,0,0
1781954750136,3.222,ws://10.2.2.17:9947,199,3,Collecting,0,0,0
1781954750370,3.456,ws://10.2.2.11:9945,199,3,Collecting,0,0,0
1781954750370,3.456,ws://10.2.2.14:9946,199,3,Collecting,0,0,0
1781954750370,3.456,ws://10.2.2.17:9947,199,3,Collecting,0,0,0
1781954750598,3.684,ws://10.2.2.11:9945,199,3,Collecting,0,0,0
1781954750598,3.684,ws://10.2.2.14:9946,199,3,Collecting,0,0,0
1781954750598,3.684,ws://10.2.2.17:9947,199,3,Collecting,0,0,0
1781954750829,3.915,ws://10.2.2.11:9945,199,3,Collecting,0,0,0
1781954750829,3.915,ws://10.2.2.14:9946,199,3,Collecting,0,0,0
1781954750829,3.915,ws://10.2.2.17:9947,199,3,Collecting,0,0,0
1781954751062,4.148,ws://10.2.2.11:9945,199,3,Collecting,0,0,0
1781954751062,4.148,ws://10.2.2.14:9946,199,3,Collecting,0,0,0
1781954751062,4.148,ws://10.2.2.17:9947,199,3,Collecting,0,0,0
1781954751293,4.379,ws://10.2.2.11:9945,199,3,Collecting,0,0,0
1781954751293,4.379,ws://10.2.2.14:9946,199,3,Collecting,0,0,0
1781954751293,4.379,ws://10.2.2.17:9947,199,3,Collecting,0,0,0
1781954751524,4.610,ws://10.2.2.11:9945,199,3,Collecting,0,0,0
1781954751524,4.610,ws://10.2.2.14:9946,199,3,Collecting,0,0,0
1781954751524,4.610,ws://10.2.2.17:9947,199,3,Collecting,0,0,0
1781954751758,4.844,ws://10.2.2.11:9945,199,3,Collecting,0,0,0
1781954751758,4.844,ws://10.2.2.14:9946,199,3,Collecting,0,0,0
1781954751758,4.844,ws://10.2.2.17:9947,199,3,Collecting,0,0,0
1781954751973,5.059,ws://10.2.2.11:9945,199,3,Collecting,0,0,0
1781954751973,5.059,ws://10.2.2.14:9946,199,3,Collecting,0,0,0
1781954751973,5.059,ws://10.2.2.17:9947,199,3,Collecting,0,0,0
1781954752191,5.277,ws://10.2.2.11:9945,199,3,Collecting,0,0,0
1781954752191,5.277,ws://10.2.2.14:9946,199,3,Collecting,0,0,0
1781954752191,5.277,ws://10.2.2.17:9947,199,3,Collecting,0,0,0
1781954752421,5.507,ws://10.2.2.11:9945,199,3,Collecting,0,0,0
1781954752421,5.507,ws://10.2.2.14:9946,200,3,Collecting,396,396,0
1781954752421,5.507,ws://10.2.2.17:9947,199,3,Collecting,0,0,0
1781954752654,5.740,ws://10.2.2.11:9945,200,3,Collecting,597,597,0
1781954752654,5.740,ws://10.2.2.14:9946,200,3,Collecting,396,396,0
1781954752654,5.740,ws://10.2.2.17:9947,199,3,Collecting,0,0,0
1781954752882,5.968,ws://10.2.2.11:9945,200,3,Collecting,597,597,0
1781954752882,5.968,ws://10.2.2.14:9946,200,3,Collecting,396,396,0
1781954752882,5.968,ws://10.2.2.17:9947,199,3,Collecting,0,0,0
1781954753113,6.199,ws://10.2.2.11:9945,200,3,Collecting,597,597,0
1781954753113,6.199,ws://10.2.2.14:9946,200,3,Collecting,396,396,0
1781954753113,6.199,ws://10.2.2.17:9947,200,3,Collecting,1100,1100,0
1781954753348,6.434,ws://10.2.2.11:9945,200,3,Collecting,597,597,0
1781954753348,6.434,ws://10.2.2.14:9946,200,3,Collecting,396,396,0
1781954753348,6.434,ws://10.2.2.17:9947,200,3,Collecting,1100,1100,0
1781954753580,6.666,ws://10.2.2.11:9945,200,3,Collecting,597,597,0
1781954753580,6.666,ws://10.2.2.14:9946,200,3,Collecting,396,396,0
1781954753580,6.666,ws://10.2.2.17:9947,200,3,Collecting,1100,1100,0
1781954753814,6.900,ws://10.2.2.11:9945,200,3,Collecting,597,597,0
1781954753814,6.900,ws://10.2.2.14:9946,200,3,Collecting,396,396,0
1781954753814,6.900,ws://10.2.2.17:9947,200,3,Collecting,1100,1100,0
1781954754044,7.130,ws://10.2.2.11:9945,200,3,Collecting,597,597,0
1781954754044,7.130,ws://10.2.2.14:9946,200,3,Collecting,396,396,0
1781954754044,7.130,ws://10.2.2.17:9947,200,3,Collecting,1100,1100,0
1781954754273,7.359,ws://10.2.2.11:9945,200,3,Collecting,597,597,0
1781954754273,7.359,ws://10.2.2.14:9946,200,3,Collecting,396,396,0
1781954754273,7.359,ws://10.2.2.17:9947,200,3,Collecting,1100,1100,0
1781954754503,7.589,ws://10.2.2.11:9945,201,3,Collecting,1100,1100,0
1781954754503,7.589,ws://10.2.2.14:9946,200,3,Collecting,396,396,0
1781954754503,7.589,ws://10.2.2.17:9947,200,3,Collecting,1100,1100,0
1781954754735,7.821,ws://10.2.2.11:9945,201,3,Collecting,1100,1100,0
1781954754735,7.821,ws://10.2.2.14:9946,200,3,Collecting,396,396,0
1781954754735,7.821,ws://10.2.2.17:9947,200,3,Collecting,1100,1100,0
1781954754970,8.056,ws://10.2.2.11:9945,201,3,Collecting,1100,1100,0
1781954754970,8.056,ws://10.2.2.14:9946,201,3,Collecting,1638,1638,0
1781954754970,8.056,ws://10.2.2.17:9947,201,3,Collecting,1899,1899,0
1781954755202,8.288,ws://10.2.2.11:9945,201,3,Collecting,1100,1100,0
1781954755202,8.288,ws://10.2.2.14:9946,201,3,Collecting,1638,1638,0
1781954755202,8.288,ws://10.2.2.17:9947,201,3,Collecting,1899,1899,0
1781954755420,8.506,ws://10.2.2.11:9945,201,3,Collecting,1100,1100,0
1781954755420,8.506,ws://10.2.2.14:9946,201,3,Collecting,1638,1638,0
1781954755420,8.506,ws://10.2.2.17:9947,201,3,Collecting,1899,1899,0
1781954755649,8.735,ws://10.2.2.11:9945,201,3,Collecting,1100,1100,0
1781954755649,8.735,ws://10.2.2.14:9946,201,3,Collecting,1638,1638,0
1781954755649,8.735,ws://10.2.2.17:9947,201,3,Collecting,1899,1899,0
1781954755879,8.965,ws://10.2.2.11:9945,201,3,Collecting,1100,1100,0
1781954755879,8.965,ws://10.2.2.14:9946,201,3,Collecting,1638,1638,0
1781954755879,8.965,ws://10.2.2.17:9947,201,3,Collecting,1899,1899,0
1781954756108,9.194,ws://10.2.2.11:9945,201,3,Collecting,1100,1100,0
1781954756108,9.194,ws://10.2.2.14:9946,201,3,Collecting,1638,1638,0
1781954756108,9.194,ws://10.2.2.17:9947,201,3,Collecting,1899,1899,0
1781954756324,9.410,ws://10.2.2.11:9945,201,3,Collecting,1100,1100,0
1781954756324,9.410,ws://10.2.2.14:9946,201,3,Collecting,1638,1638,0
1781954756324,9.410,ws://10.2.2.17:9947,201,3,Collecting,1899,1899,0
1781954756553,9.639,ws://10.2.2.11:9945,201,3,Collecting,1100,1100,0
1781954756553,9.639,ws://10.2.2.14:9946,201,3,Collecting,1638,1638,0
1781954756553,9.639,ws://10.2.2.17:9947,201,3,Collecting,1899,1899,0
1781954756786,9.872,ws://10.2.2.11:9945,201,3,Collecting,1100,1100,0
1781954756786,9.872,ws://10.2.2.14:9946,201,3,Collecting,1638,1638,0
1781954756786,9.872,ws://10.2.2.17:9947,201,3,Collecting,1899,1899,0
1781954757056,10.142,ws://10.2.2.11:9945,201,3,Collecting,1100,1100,0
1781954757056,10.142,ws://10.2.2.14:9946,201,3,Collecting,1638,1638,0
1781954757056,10.142,ws://10.2.2.17:9947,201,3,Collecting,1899,1899,0
1781954757272,10.358,ws://10.2.2.11:9945,201,3,Collecting,1100,1100,0
1781954757272,10.358,ws://10.2.2.14:9946,201,3,Collecting,1638,1638,0
1781954757272,10.358,ws://10.2.2.17:9947,201,3,Collecting,1899,1899,0
1781954757502,10.588,ws://10.2.2.11:9945,202,3,Collecting,1949,1949,0
1781954757502,10.588,ws://10.2.2.14:9946,202,3,Collecting,2300,2300,0
1781954757502,10.588,ws://10.2.2.17:9947,202,3,Collecting,2458,2458,0
1781954757733,10.819,ws://10.2.2.11:9945,202,3,Collecting,1949,1949,0
1781954757733,10.819,ws://10.2.2.14:9946,202,3,Collecting,2300,2300,0
1781954757733,10.819,ws://10.2.2.17:9947,202,3,Collecting,2458,2458,0
1781954757963,11.049,ws://10.2.2.11:9945,202,3,Collecting,1949,1949,0
1781954757963,11.049,ws://10.2.2.14:9946,202,3,Collecting,2300,2300,0
1781954757963,11.049,ws://10.2.2.17:9947,202,3,Collecting,2458,2458,0
1781954758191,11.277,ws://10.2.2.11:9945,202,3,Collecting,1949,1949,0
1781954758191,11.277,ws://10.2.2.14:9946,202,3,Collecting,2300,2300,0
1781954758191,11.277,ws://10.2.2.17:9947,202,3,Collecting,2458,2458,0
1781954758420,11.506,ws://10.2.2.11:9945,202,3,Collecting,1949,1949,0
1781954758420,11.506,ws://10.2.2.14:9946,202,3,Collecting,2300,2300,0
1781954758420,11.506,ws://10.2.2.17:9947,202,3,Collecting,2458,2458,0
1781954758654,11.740,ws://10.2.2.11:9945,202,3,Collecting,1949,1949,0
1781954758654,11.740,ws://10.2.2.14:9946,202,3,Collecting,2300,2300,0
1781954758654,11.740,ws://10.2.2.17:9947,202,3,Collecting,2458,2458,0
1781954758886,11.972,ws://10.2.2.11:9945,202,3,Collecting,1949,1949,0
1781954758886,11.972,ws://10.2.2.14:9946,202,3,Collecting,2300,2300,0
1781954758886,11.972,ws://10.2.2.17:9947,202,3,Collecting,2458,2458,0
1781954759116,12.202,ws://10.2.2.11:9945,202,3,Collecting,1949,1949,0
1781954759116,12.202,ws://10.2.2.14:9946,202,3,Collecting,2300,2300,0
1781954759116,12.202,ws://10.2.2.17:9947,202,3,Collecting,2458,2458,0
1781954759349,12.435,ws://10.2.2.11:9945,202,3,Collecting,1949,1949,0
1781954759349,12.435,ws://10.2.2.14:9946,202,3,Collecting,2300,2300,0
1781954759349,12.435,ws://10.2.2.17:9947,202,3,Collecting,2458,2458,0
1781954759581,12.667,ws://10.2.2.11:9945,203,3,Collecting,2489,2489,0
1781954759581,12.667,ws://10.2.2.14:9946,203,3,Collecting,2801,2801,0
1781954759581,12.667,ws://10.2.2.17:9947,203,3,Collecting,2970,2970,0
1781954759801,12.887,ws://10.2.2.11:9945,203,3,Collecting,2489,2489,0
1781954759801,12.887,ws://10.2.2.14:9946,203,3,Collecting,2801,2801,0
1781954759801,12.887,ws://10.2.2.17:9947,203,3,Collecting,2970,2970,0
1781954760025,13.111,ws://10.2.2.11:9945,203,3,Collecting,2489,2489,0
1781954760025,13.111,ws://10.2.2.14:9946,203,3,Collecting,2801,2801,0
1781954760025,13.111,ws://10.2.2.17:9947,203,3,Collecting,2970,2970,0
1781954760254,13.340,ws://10.2.2.11:9945,203,3,Collecting,2489,2489,0
1781954760254,13.340,ws://10.2.2.14:9946,203,3,Collecting,2801,2801,0
1781954760254,13.340,ws://10.2.2.17:9947,203,3,Collecting,2970,2970,0
1781954760483,13.569,ws://10.2.2.11:9945,203,3,Collecting,2489,2489,0
1781954760483,13.569,ws://10.2.2.14:9946,203,3,Collecting,2801,2801,0
1781954760483,13.569,ws://10.2.2.17:9947,203,3,Collecting,2970,2970,0
1781954760713,13.799,ws://10.2.2.11:9945,203,3,Collecting,2489,2489,0
1781954760713,13.799,ws://10.2.2.14:9946,203,3,Collecting,2801,2801,0
1781954760713,13.799,ws://10.2.2.17:9947,203,3,Collecting,2970,2970,0
1781954760939,14.025,ws://10.2.2.11:9945,204,3,Collecting,2943,2943,0
1781954760939,14.025,ws://10.2.2.14:9946,204,3,Collecting,3239,3239,0
1781954760939,14.025,ws://10.2.2.17:9947,204,3,Collecting,3389,3389,0
1781954761174,14.260,ws://10.2.2.11:9945,204,3,Collecting,2943,2943,0
1781954761174,14.260,ws://10.2.2.14:9946,204,3,Collecting,3239,3239,0
1781954761174,14.260,ws://10.2.2.17:9947,204,3,Collecting,3389,3389,0
1781954761401,14.487,ws://10.2.2.11:9945,204,3,Collecting,2943,2943,0
1781954761401,14.487,ws://10.2.2.14:9946,204,3,Collecting,3239,3239,0
1781954761401,14.487,ws://10.2.2.17:9947,204,3,Collecting,3389,3389,0
1781954761619,14.705,ws://10.2.2.11:9945,204,3,Collecting,2943,2943,0
1781954761619,14.705,ws://10.2.2.14:9946,204,3,Collecting,3239,3239,0
1781954761619,14.705,ws://10.2.2.17:9947,204,3,Collecting,3389,3389,0
1781954761849,14.935,ws://10.2.2.11:9945,204,3,Collecting,2943,2943,0
1781954761849,14.935,ws://10.2.2.14:9946,204,3,Collecting,3239,3239,0
1781954761849,14.935,ws://10.2.2.17:9947,204,3,Collecting,3389,3389,0
1781954762084,15.170,ws://10.2.2.11:9945,204,3,Collecting,2943,2943,0
1781954762084,15.170,ws://10.2.2.14:9946,204,3,Collecting,3239,3239,0
1781954762084,15.170,ws://10.2.2.17:9947,204,3,Collecting,3389,3389,0
1781954762310,15.396,ws://10.2.2.11:9945,204,3,Collecting,2943,2943,0
1781954762310,15.396,ws://10.2.2.14:9946,204,3,Collecting,3239,3239,0
1781954762310,15.396,ws://10.2.2.17:9947,204,3,Collecting,3389,3389,0
1781954762544,15.630,ws://10.2.2.11:9945,204,3,Collecting,2943,2943,0
1781954762544,15.630,ws://10.2.2.14:9946,204,3,Collecting,3239,3239,0
1781954762544,15.630,ws://10.2.2.17:9947,204,3,Collecting,3389,3389,0
1781954762774,15.860,ws://10.2.2.11:9945,204,3,Collecting,2943,2943,0
1781954762774,15.860,ws://10.2.2.14:9946,204,3,Collecting,3239,3239,0
1781954762774,15.860,ws://10.2.2.17:9947,204,3,Collecting,3389,3389,0
1781954762998,16.084,ws://10.2.2.11:9945,204,3,Collecting,2943,2943,0
1781954762998,16.084,ws://10.2.2.14:9946,204,3,Collecting,3239,3239,0
1781954762998,16.084,ws://10.2.2.17:9947,204,3,Collecting,3389,3389,0
1781954763229,16.315,ws://10.2.2.11:9945,204,3,Collecting,2943,2943,0
1781954763229,16.315,ws://10.2.2.14:9946,204,3,Collecting,3239,3239,0
1781954763229,16.315,ws://10.2.2.17:9947,204,3,Collecting,3389,3389,0
1781954763457,16.543,ws://10.2.2.11:9945,204,3,Collecting,2943,2943,0
1781954763457,16.543,ws://10.2.2.14:9946,204,3,Collecting,3239,3239,0
1781954763457,16.543,ws://10.2.2.17:9947,204,3,Collecting,3389,3389,0
1781954763676,16.762,ws://10.2.2.11:9945,205,3,Collecting,3367,3367,0
1781954763676,16.762,ws://10.2.2.14:9946,205,3,Collecting,3661,3661,0
1781954763676,16.762,ws://10.2.2.17:9947,205,3,Collecting,3795,3795,0
1781954763902,16.988,ws://10.2.2.11:9945,205,3,Collecting,3367,3367,0
1781954763902,16.988,ws://10.2.2.14:9946,205,3,Collecting,3661,3661,0
1781954763902,16.988,ws://10.2.2.17:9947,205,3,Collecting,3795,3795,0
1781954764119,17.205,ws://10.2.2.11:9945,205,3,Collecting,3367,3367,0
1781954764119,17.205,ws://10.2.2.14:9946,205,3,Collecting,3661,3661,0
1781954764119,17.205,ws://10.2.2.17:9947,205,3,Collecting,3795,3795,0
1781954764345,17.431,ws://10.2.2.11:9945,205,3,Collecting,3367,3367,0
1781954764345,17.431,ws://10.2.2.14:9946,205,3,Collecting,3661,3661,0
1781954764345,17.431,ws://10.2.2.17:9947,205,3,Collecting,3795,3795,0
1781954764568,17.654,ws://10.2.2.11:9945,205,3,Collecting,3367,3367,0
1781954764568,17.654,ws://10.2.2.14:9946,205,3,Collecting,3661,3661,0
1781954764568,17.654,ws://10.2.2.17:9947,205,3,Collecting,3795,3795,0
1781954764794,17.880,ws://10.2.2.11:9945,205,3,Collecting,3367,3367,0
1781954764794,17.880,ws://10.2.2.14:9946,205,3,Collecting,3661,3661,0
1781954764794,17.880,ws://10.2.2.17:9947,205,3,Collecting,3795,3795,0
1781954765017,18.103,ws://10.2.2.11:9945,205,3,Collecting,3367,3367,0
1781954765017,18.103,ws://10.2.2.14:9946,205,3,Collecting,3661,3661,0
1781954765017,18.103,ws://10.2.2.17:9947,205,3,Collecting,3795,3795,0
1781954765246,18.332,ws://10.2.2.11:9945,205,3,Collecting,3367,3367,0
1781954765246,18.332,ws://10.2.2.14:9946,205,3,Collecting,3661,3661,0
1781954765246,18.332,ws://10.2.2.17:9947,205,3,Collecting,3795,3795,0
1781954765476,18.562,ws://10.2.2.11:9945,206,3,Collecting,3752,3752,0
1781954765476,18.562,ws://10.2.2.14:9946,206,3,Collecting,4059,4059,0
1781954765476,18.562,ws://10.2.2.17:9947,206,3,Collecting,4158,4158,0
1781954765693,18.779,ws://10.2.2.11:9945,206,3,Collecting,3752,3752,0
1781954765693,18.779,ws://10.2.2.14:9946,206,3,Collecting,4059,4059,0
1781954765693,18.779,ws://10.2.2.17:9947,206,3,Collecting,4158,4158,0
1781954765915,19.001,ws://10.2.2.11:9945,206,3,Collecting,3752,3752,0
1781954765915,19.001,ws://10.2.2.14:9946,206,3,Collecting,4059,4059,0
1781954765915,19.001,ws://10.2.2.17:9947,206,3,Collecting,4158,4158,0
1781954766145,19.231,ws://10.2.2.11:9945,206,3,Collecting,3752,3752,0
1781954766145,19.231,ws://10.2.2.14:9946,206,3,Collecting,4059,4059,0
1781954766145,19.231,ws://10.2.2.17:9947,206,3,Collecting,4158,4158,0
1781954766373,19.459,ws://10.2.2.11:9945,206,3,Collecting,3752,3752,0
1781954766373,19.459,ws://10.2.2.14:9946,206,3,Collecting,4059,4059,0
1781954766373,19.459,ws://10.2.2.17:9947,206,3,Collecting,4158,4158,0
1781954766599,19.685,ws://10.2.2.11:9945,206,3,Collecting,3752,3752,0
1781954766599,19.685,ws://10.2.2.14:9946,206,3,Collecting,4059,4059,0
1781954766599,19.685,ws://10.2.2.17:9947,206,3,Collecting,4158,4158,0
1781954766829,19.915,ws://10.2.2.11:9945,206,3,Collecting,3752,3752,0
1781954766829,19.915,ws://10.2.2.14:9946,206,3,Collecting,4059,4059,0
1781954766829,19.915,ws://10.2.2.17:9947,206,3,Collecting,4158,4158,0
1781954767102,20.188,ws://10.2.2.11:9945,207,3,Collecting,4123,4123,0
1781954767102,20.188,ws://10.2.2.14:9946,207,3,Collecting,4439,4439,0
1781954767102,20.188,ws://10.2.2.17:9947,207,3,Collecting,4499,4499,0
1781954767323,20.409,ws://10.2.2.11:9945,207,3,Collecting,4123,4123,0
1781954767323,20.409,ws://10.2.2.14:9946,207,3,Collecting,4439,4439,0
1781954767323,20.409,ws://10.2.2.17:9947,207,3,Collecting,4499,4499,0
1781954767539,20.625,ws://10.2.2.11:9945,207,3,Collecting,4123,4123,0
1781954767539,20.625,ws://10.2.2.14:9946,207,3,Collecting,4439,4439,0
1781954767539,20.625,ws://10.2.2.17:9947,207,3,Collecting,4499,4499,0
1781954767768,20.854,ws://10.2.2.11:9945,207,3,Collecting,4123,4123,0
1781954767768,20.854,ws://10.2.2.14:9946,207,3,Collecting,4439,4439,0
1781954767768,20.854,ws://10.2.2.17:9947,207,3,Collecting,4499,4499,0
1781954767996,21.082,ws://10.2.2.11:9945,207,3,Collecting,4123,4123,0
1781954767996,21.082,ws://10.2.2.14:9946,207,3,Collecting,4439,4439,0
1781954767996,21.082,ws://10.2.2.17:9947,207,3,Collecting,4499,4499,0
1781954768228,21.314,ws://10.2.2.11:9945,207,3,Collecting,4123,4123,0
1781954768228,21.314,ws://10.2.2.14:9946,207,3,Collecting,4439,4439,0
1781954768228,21.314,ws://10.2.2.17:9947,207,3,Collecting,4499,4499,0
1781954768455,21.541,ws://10.2.2.11:9945,207,3,Collecting,4123,4123,0
1781954768455,21.541,ws://10.2.2.14:9946,207,3,Collecting,4439,4439,0
1781954768455,21.541,ws://10.2.2.17:9947,207,3,Collecting,4499,4499,0
1781954768678,21.764,ws://10.2.2.11:9945,207,3,Collecting,4123,4123,0
1781954768678,21.764,ws://10.2.2.14:9946,207,3,Collecting,4439,4439,0
1781954768678,21.764,ws://10.2.2.17:9947,207,3,Collecting,4499,4499,0
1781954768911,21.997,ws://10.2.2.11:9945,207,3,Collecting,4123,4123,0
1781954768911,21.997,ws://10.2.2.14:9946,207,3,Collecting,4439,4439,0
1781954768911,21.997,ws://10.2.2.17:9947,207,3,Collecting,4499,4499,0
1781954769143,22.229,ws://10.2.2.11:9945,207,3,Collecting,4123,4123,0
1781954769143,22.229,ws://10.2.2.14:9946,207,3,Collecting,4439,4439,0
1781954769143,22.229,ws://10.2.2.17:9947,207,3,Collecting,4499,4499,0
1781954769375,22.461,ws://10.2.2.11:9945,207,3,Collecting,4123,4123,0
1781954769375,22.461,ws://10.2.2.14:9946,207,3,Collecting,4439,4439,0
1781954769375,22.461,ws://10.2.2.17:9947,207,3,Collecting,4499,4499,0
1781954769588,22.674,ws://10.2.2.11:9945,208,3,Collecting,4485,4485,0
1781954769588,22.674,ws://10.2.2.14:9946,208,3,Collecting,4790,4790,0
1781954769588,22.674,ws://10.2.2.17:9947,208,3,Collecting,4856,4856,0
1781954769819,22.905,ws://10.2.2.11:9945,208,3,Collecting,4485,4485,0
1781954769819,22.905,ws://10.2.2.14:9946,208,3,Collecting,4790,4790,0
1781954769819,22.905,ws://10.2.2.17:9947,208,3,Collecting,4856,4856,0
1781954770048,23.134,ws://10.2.2.11:9945,208,3,Collecting,4485,4485,0
1781954770048,23.134,ws://10.2.2.14:9946,208,3,Collecting,4790,4790,0
1781954770048,23.134,ws://10.2.2.17:9947,208,3,Collecting,4856,4856,0
1781954770279,23.365,ws://10.2.2.11:9945,208,3,Collecting,4485,4485,0
1781954770279,23.365,ws://10.2.2.14:9946,208,3,Collecting,4790,4790,0
1781954770279,23.365,ws://10.2.2.17:9947,208,3,Collecting,4856,4856,0
1781954770505,23.591,ws://10.2.2.11:9945,208,3,Collecting,4485,4485,0
1781954770505,23.591,ws://10.2.2.14:9946,208,3,Collecting,4790,4790,0
1781954770505,23.591,ws://10.2.2.17:9947,208,3,Collecting,4856,4856,0
1781954770746,23.832,ws://10.2.2.11:9945,208,3,Collecting,4485,4485,0
1781954770746,23.832,ws://10.2.2.14:9946,208,3,Collecting,4790,4790,0
1781954770746,23.832,ws://10.2.2.17:9947,208,3,Collecting,4856,4856,0
1781954770992,24.078,ws://10.2.2.11:9945,208,3,Collecting,4485,4485,0
1781954770992,24.078,ws://10.2.2.14:9946,208,3,Collecting,4790,4790,0
1781954770992,24.078,ws://10.2.2.17:9947,208,3,Collecting,4856,4856,0
1781954771233,24.319,ws://10.2.2.11:9945,208,3,Collecting,4485,4485,0
1781954771233,24.319,ws://10.2.2.14:9946,208,3,Collecting,4790,4790,0
1781954771233,24.319,ws://10.2.2.17:9947,208,3,Collecting,4856,4856,0
1781954771478,24.564,ws://10.2.2.11:9945,208,3,Collecting,4485,4485,0
1781954771478,24.564,ws://10.2.2.14:9946,208,3,Collecting,4790,4790,0
1781954771478,24.564,ws://10.2.2.17:9947,208,3,Collecting,4856,4856,0
1781954771724,24.810,ws://10.2.2.11:9945,209,3,Collecting,4825,4825,0
1781954771724,24.810,ws://10.2.2.14:9946,209,3,Collecting,5147,5147,0
1781954771724,24.810,ws://10.2.2.17:9947,209,3,Collecting,5170,5170,0
1781954771958,25.044,ws://10.2.2.11:9945,209,3,Collecting,4825,4825,0
1781954771958,25.044,ws://10.2.2.14:9946,209,3,Collecting,5147,5147,0
1781954771958,25.044,ws://10.2.2.17:9947,209,3,Collecting,5170,5170,0
1781954772185,25.271,ws://10.2.2.11:9945,209,3,Collecting,4825,4825,0
1781954772185,25.271,ws://10.2.2.14:9946,209,3,Collecting,5147,5147,0
1781954772185,25.271,ws://10.2.2.17:9947,209,3,Collecting,5170,5170,0
1781954772409,25.495,ws://10.2.2.11:9945,209,3,Collecting,4825,4825,0
1781954772409,25.495,ws://10.2.2.14:9946,209,3,Collecting,5147,5147,0
1781954772409,25.495,ws://10.2.2.17:9947,209,3,Collecting,5170,5170,0
1781954772644,25.730,ws://10.2.2.11:9945,209,3,Collecting,4825,4825,0
1781954772644,25.730,ws://10.2.2.14:9946,209,3,Collecting,5147,5147,0
1781954772644,25.730,ws://10.2.2.17:9947,209,3,Collecting,5170,5170,0
1781954772873,25.959,ws://10.2.2.11:9945,209,3,Collecting,4825,4825,0
1781954772873,25.959,ws://10.2.2.14:9946,209,3,Collecting,5147,5147,0
1781954772873,25.959,ws://10.2.2.17:9947,209,3,Collecting,5170,5170,0
1781954773106,26.192,ws://10.2.2.11:9945,210,3,Collecting,5140,5140,0
1781954773106,26.192,ws://10.2.2.14:9946,210,3,Collecting,5467,5467,0
1781954773106,26.192,ws://10.2.2.17:9947,210,3,Collecting,5499,5499,0
1781954773343,26.429,ws://10.2.2.11:9945,210,3,Collecting,5140,5140,0
1781954773343,26.429,ws://10.2.2.14:9946,210,3,Collecting,5467,5467,0
1781954773343,26.429,ws://10.2.2.17:9947,210,3,Collecting,5499,5499,0
1781954773559,26.645,ws://10.2.2.11:9945,210,3,Collecting,5140,5140,0
1781954773559,26.645,ws://10.2.2.14:9946,210,3,Collecting,5467,5467,0
1781954773559,26.645,ws://10.2.2.17:9947,210,3,Collecting,5499,5499,0
1781954773789,26.875,ws://10.2.2.11:9945,210,3,Collecting,5140,5140,0
1781954773789,26.875,ws://10.2.2.14:9946,210,3,Collecting,5467,5467,0
1781954773789,26.875,ws://10.2.2.17:9947,210,3,Collecting,5499,5499,0
1781954774005,27.091,ws://10.2.2.11:9945,210,3,Collecting,5140,5140,0
1781954774005,27.091,ws://10.2.2.14:9946,210,3,Collecting,5467,5467,0
1781954774005,27.091,ws://10.2.2.17:9947,210,3,Collecting,5499,5499,0
1781954774230,27.316,ws://10.2.2.11:9945,210,3,Collecting,5140,5140,0
1781954774230,27.316,ws://10.2.2.14:9946,210,3,Collecting,5467,5467,0
1781954774230,27.316,ws://10.2.2.17:9947,210,3,Collecting,5499,5499,0
1781954774470,27.556,ws://10.2.2.11:9945,210,3,Collecting,5140,5140,0
1781954774470,27.556,ws://10.2.2.14:9946,210,3,Collecting,5467,5467,0
1781954774470,27.556,ws://10.2.2.17:9947,210,3,Collecting,5499,5499,0
1781954774710,27.796,ws://10.2.2.11:9945,210,3,Collecting,5140,5140,0
1781954774710,27.796,ws://10.2.2.14:9946,210,3,Collecting,5467,5467,0
1781954774710,27.796,ws://10.2.2.17:9947,210,3,Collecting,5499,5499,0
1781954774952,28.038,ws://10.2.2.11:9945,210,3,Collecting,5140,5140,0
1781954774952,28.038,ws://10.2.2.14:9946,210,3,Collecting,5467,5467,0
1781954774952,28.038,ws://10.2.2.17:9947,210,3,Collecting,5499,5499,0
1781954775196,28.282,ws://10.2.2.11:9945,210,3,Collecting,5140,5140,0
1781954775196,28.282,ws://10.2.2.14:9946,210,3,Collecting,5467,5467,0
1781954775196,28.282,ws://10.2.2.17:9947,210,3,Collecting,5499,5499,0
1781954775439,28.525,ws://10.2.2.11:9945,210,3,Collecting,5140,5140,0
1781954775439,28.525,ws://10.2.2.14:9946,210,3,Collecting,5467,5467,0
1781954775439,28.525,ws://10.2.2.17:9947,210,3,Collecting,5499,5499,0
1781954775671,28.757,ws://10.2.2.11:9945,211,3,Collecting,5446,5446,0
1781954775671,28.757,ws://10.2.2.14:9946,211,3,Collecting,5804,5804,0
1781954775671,28.757,ws://10.2.2.17:9947,211,3,Collecting,5796,5796,0
1781954775899,28.985,ws://10.2.2.11:9945,211,3,Collecting,5446,5446,0
1781954775899,28.985,ws://10.2.2.14:9946,211,3,Collecting,5804,5804,0
1781954775899,28.985,ws://10.2.2.17:9947,211,3,Collecting,5796,5796,0
1781954776134,29.220,ws://10.2.2.11:9945,211,3,Collecting,5446,5446,0
1781954776134,29.220,ws://10.2.2.14:9946,211,3,Collecting,5804,5804,0
1781954776134,29.220,ws://10.2.2.17:9947,211,3,Collecting,5796,5796,0
1781954776353,29.439,ws://10.2.2.11:9945,211,3,Collecting,5446,5446,0
1781954776353,29.439,ws://10.2.2.14:9946,211,3,Collecting,5804,5804,0
1781954776353,29.439,ws://10.2.2.17:9947,211,3,Collecting,5796,5796,0
1781954776580,29.666,ws://10.2.2.11:9945,211,3,Collecting,5446,5446,0
1781954776580,29.666,ws://10.2.2.14:9946,211,3,Collecting,5804,5804,0
1781954776580,29.666,ws://10.2.2.17:9947,211,3,Collecting,5796,5796,0
1781954776935,30.021,ws://10.2.2.11:9945,211,3,Collecting,5446,5446,0
1781954776935,30.021,ws://10.2.2.14:9946,211,3,Collecting,5804,5804,0
1781954776935,30.021,ws://10.2.2.17:9947,211,3,Collecting,5796,5796,0
1781954777164,30.250,ws://10.2.2.11:9945,211,3,Collecting,5446,5446,0
1781954777164,30.250,ws://10.2.2.14:9946,211,3,Collecting,5804,5804,0
1781954777164,30.250,ws://10.2.2.17:9947,211,3,Collecting,5796,5796,0
1781954777390,30.476,ws://10.2.2.11:9945,211,3,Collecting,5446,5446,0
1781954777390,30.476,ws://10.2.2.14:9946,211,3,Collecting,5804,5804,0
1781954777390,30.476,ws://10.2.2.17:9947,211,3,Collecting,5796,5796,0
1781954777623,30.709,ws://10.2.2.11:9945,212,3,Collecting,5755,5755,0
1781954777623,30.709,ws://10.2.2.14:9946,212,3,Collecting,6119,6119,0
1781954777623,30.709,ws://10.2.2.17:9947,212,3,Collecting,6067,6067,0
1781954777854,30.940,ws://10.2.2.11:9945,212,3,Collecting,5755,5755,0
1781954777854,30.940,ws://10.2.2.14:9946,212,3,Collecting,6119,6119,0
1781954777854,30.940,ws://10.2.2.17:9947,212,3,Collecting,6067,6067,0
1781954778073,31.159,ws://10.2.2.11:9945,212,3,Collecting,5755,5755,0
1781954778073,31.159,ws://10.2.2.14:9946,212,3,Collecting,6119,6119,0
1781954778073,31.159,ws://10.2.2.17:9947,212,3,Collecting,6067,6067,0
1781954778293,31.379,ws://10.2.2.11:9945,212,3,Collecting,5755,5755,0
1781954778293,31.379,ws://10.2.2.14:9946,212,3,Collecting,6119,6119,0
1781954778293,31.379,ws://10.2.2.17:9947,212,3,Collecting,6067,6067,0
1781954778520,31.606,ws://10.2.2.11:9945,212,3,Collecting,5755,5755,0
1781954778520,31.606,ws://10.2.2.14:9946,212,3,Collecting,6119,6119,0
1781954778520,31.606,ws://10.2.2.17:9947,212,3,Collecting,6067,6067,0
1781954778755,31.841,ws://10.2.2.11:9945,212,3,Collecting,5755,5755,0
1781954778755,31.841,ws://10.2.2.14:9946,212,3,Collecting,6119,6119,0
1781954778755,31.841,ws://10.2.2.17:9947,212,3,Collecting,6067,6067,0
1781954778981,32.067,ws://10.2.2.11:9945,213,3,Collecting,5980,5980,0
1781954778981,32.067,ws://10.2.2.14:9946,213,3,Collecting,6417,6417,0
1781954778981,32.067,ws://10.2.2.17:9947,213,3,Collecting,6364,6364,0
1781954779218,32.304,ws://10.2.2.11:9945,213,3,Collecting,5980,5980,0
1781954779218,32.304,ws://10.2.2.14:9946,213,3,Collecting,6417,6417,0
1781954779218,32.304,ws://10.2.2.17:9947,213,3,Collecting,6364,6364,0
1781954779440,32.526,ws://10.2.2.11:9945,213,3,Collecting,5980,5980,0
1781954779440,32.526,ws://10.2.2.14:9946,213,3,Collecting,6417,6417,0
1781954779440,32.526,ws://10.2.2.17:9947,213,3,Collecting,6364,6364,0
1781954779654,32.740,ws://10.2.2.11:9945,213,3,Collecting,5980,5980,0
1781954779654,32.740,ws://10.2.2.14:9946,213,3,Collecting,6417,6417,0
1781954779654,32.740,ws://10.2.2.17:9947,213,3,Collecting,6364,6364,0
1781954779902,32.988,ws://10.2.2.11:9945,213,3,Collecting,5980,5980,0
1781954779902,32.988,ws://10.2.2.14:9946,213,3,Collecting,6417,6417,0
1781954779902,32.988,ws://10.2.2.17:9947,213,3,Collecting,6364,6364,0
1781954780124,33.210,ws://10.2.2.11:9945,213,3,Collecting,5980,5980,0
1781954780124,33.210,ws://10.2.2.14:9946,213,3,Collecting,6417,6417,0
1781954780124,33.210,ws://10.2.2.17:9947,213,3,Collecting,6364,6364,0
1781954780350,33.436,ws://10.2.2.11:9945,213,3,Collecting,5980,5980,0
1781954780350,33.436,ws://10.2.2.14:9946,213,3,Collecting,6417,6417,0
1781954780350,33.436,ws://10.2.2.17:9947,213,3,Collecting,6364,6364,0
1781954780588,33.674,ws://10.2.2.11:9945,213,3,Collecting,5980,5980,0
1781954780588,33.674,ws://10.2.2.14:9946,213,3,Collecting,6417,6417,0
1781954780588,33.674,ws://10.2.2.17:9947,213,3,Collecting,6364,6364,0
1781954780845,33.931,ws://10.2.2.11:9945,213,3,Collecting,5980,5980,0
1781954780845,33.931,ws://10.2.2.14:9946,213,3,Collecting,6417,6417,0
1781954780845,33.931,ws://10.2.2.17:9947,213,3,Collecting,6364,6364,0
1781954781087,34.173,ws://10.2.2.11:9945,213,3,Collecting,5980,5980,0
1781954781087,34.173,ws://10.2.2.14:9946,213,3,Collecting,6417,6417,0
1781954781087,34.173,ws://10.2.2.17:9947,213,3,Collecting,6364,6364,0
1781954781314,34.400,ws://10.2.2.11:9945,213,3,Collecting,5980,5980,0
1781954781314,34.400,ws://10.2.2.14:9946,213,3,Collecting,6417,6417,0
1781954781314,34.400,ws://10.2.2.17:9947,213,3,Collecting,6364,6364,0
1781954781543,34.629,ws://10.2.2.11:9945,213,3,Collecting,5980,5980,0
1781954781543,34.629,ws://10.2.2.14:9946,213,3,Collecting,6417,6417,0
1781954781543,34.629,ws://10.2.2.17:9947,213,3,Collecting,6364,6364,0
1781954781761,34.847,ws://10.2.2.11:9945,214,3,Collecting,6307,6307,0
1781954781761,34.847,ws://10.2.2.14:9946,214,3,Collecting,6757,6757,0
1781954781761,34.847,ws://10.2.2.17:9947,214,3,Collecting,6680,6680,0
1781954781993,35.079,ws://10.2.2.11:9945,214,3,Collecting,6307,6307,0
1781954781993,35.079,ws://10.2.2.14:9946,214,3,Collecting,6757,6757,0
1781954781993,35.079,ws://10.2.2.17:9947,214,3,Collecting,6680,6680,0
1781954782211,35.297,ws://10.2.2.11:9945,214,3,Collecting,6307,6307,0
1781954782211,35.297,ws://10.2.2.14:9946,214,3,Collecting,6757,6757,0
1781954782211,35.297,ws://10.2.2.17:9947,214,3,Collecting,6680,6680,0
1781954782438,35.524,ws://10.2.2.11:9945,214,3,Collecting,6307,6307,0
1781954782438,35.524,ws://10.2.2.14:9946,214,3,Collecting,6757,6757,0
1781954782438,35.524,ws://10.2.2.17:9947,214,3,Collecting,6680,6680,0
1781954782668,35.754,ws://10.2.2.11:9945,214,3,Collecting,6307,6307,0
1781954782668,35.754,ws://10.2.2.14:9946,214,3,Collecting,6757,6757,0
1781954782668,35.754,ws://10.2.2.17:9947,214,3,Collecting,6680,6680,0
1781954782940,36.026,ws://10.2.2.11:9945,214,3,Collecting,6307,6307,0
1781954782940,36.026,ws://10.2.2.14:9946,214,3,Collecting,6757,6757,0
1781954782940,36.026,ws://10.2.2.17:9947,214,3,Collecting,6680,6680,0
1781954783171,36.257,ws://10.2.2.11:9945,214,3,Collecting,6307,6307,0
1781954783171,36.257,ws://10.2.2.14:9946,214,3,Collecting,6757,6757,0
1781954783171,36.257,ws://10.2.2.17:9947,214,3,Collecting,6680,6680,0
1781954783402,36.488,ws://10.2.2.11:9945,214,3,Collecting,6307,6307,0
1781954783402,36.488,ws://10.2.2.14:9946,214,3,Collecting,6757,6757,0
1781954783402,36.488,ws://10.2.2.17:9947,214,3,Collecting,6680,6680,0
1781954783630,36.716,ws://10.2.2.11:9945,214,3,Collecting,6307,6307,0
1781954783630,36.716,ws://10.2.2.14:9946,215,3,Collecting,7053,7053,0
1781954783630,36.716,ws://10.2.2.17:9947,215,3,Collecting,6956,6956,0
1781954783848,36.934,ws://10.2.2.11:9945,215,3,Collecting,6608,6608,0
1781954783848,36.934,ws://10.2.2.14:9946,215,3,Collecting,7053,7053,0
1781954783848,36.934,ws://10.2.2.17:9947,215,3,Collecting,6956,6956,0
1781954784077,37.163,ws://10.2.2.11:9945,215,3,Collecting,6608,6608,0
1781954784077,37.163,ws://10.2.2.14:9946,215,3,Collecting,7053,7053,0
1781954784077,37.163,ws://10.2.2.17:9947,215,3,Collecting,6956,6956,0
1781954784302,37.388,ws://10.2.2.11:9945,215,3,Collecting,6608,6608,0
1781954784302,37.388,ws://10.2.2.14:9946,215,3,Collecting,7053,7053,0
1781954784302,37.388,ws://10.2.2.17:9947,215,3,Collecting,6956,6956,0
1781954784519,37.605,ws://10.2.2.11:9945,215,3,Collecting,6608,6608,0
1781954784519,37.605,ws://10.2.2.14:9946,215,3,Collecting,7053,7053,0
1781954784519,37.605,ws://10.2.2.17:9947,215,3,Collecting,6956,6956,0
1781954784760,37.846,ws://10.2.2.11:9945,215,3,Collecting,6608,6608,0
1781954784760,37.846,ws://10.2.2.14:9946,215,3,Collecting,7053,7053,0
1781954784760,37.846,ws://10.2.2.17:9947,215,3,Collecting,6956,6956,0
1781954785008,38.094,ws://10.2.2.11:9945,216,3,Collecting,6824,6824,0
1781954785008,38.094,ws://10.2.2.14:9946,216,3,Collecting,7324,7324,0
1781954785008,38.094,ws://10.2.2.17:9947,216,3,Collecting,7223,7223,0
1781954785252,38.338,ws://10.2.2.11:9945,216,3,Collecting,6824,6824,0
1781954785252,38.338,ws://10.2.2.14:9946,216,3,Collecting,7324,7324,0
1781954785252,38.338,ws://10.2.2.17:9947,216,3,Collecting,7223,7223,0
1781954785505,38.591,ws://10.2.2.11:9945,216,3,Collecting,6824,6824,0
1781954785505,38.591,ws://10.2.2.14:9946,216,3,Collecting,7324,7324,0
1781954785505,38.591,ws://10.2.2.17:9947,216,3,Collecting,7223,7223,0
1781954785740,38.826,ws://10.2.2.11:9945,216,3,Collecting,6824,6824,0
1781954785740,38.826,ws://10.2.2.14:9946,216,3,Collecting,7324,7324,0
1781954785740,38.826,ws://10.2.2.17:9947,216,3,Collecting,7223,7223,0
1781954785969,39.055,ws://10.2.2.11:9945,216,3,Collecting,6824,6824,0
1781954785969,39.055,ws://10.2.2.14:9946,216,3,Collecting,7324,7324,0
1781954785969,39.055,ws://10.2.2.17:9947,216,3,Collecting,7223,7223,0
1781954786194,39.280,ws://10.2.2.11:9945,216,3,Collecting,6824,6824,0
1781954786194,39.280,ws://10.2.2.14:9946,216,3,Collecting,7324,7324,0
1781954786194,39.280,ws://10.2.2.17:9947,216,3,Collecting,7223,7223,0
1781954786423,39.509,ws://10.2.2.11:9945,216,3,Collecting,6824,6824,0
1781954786423,39.509,ws://10.2.2.14:9946,216,3,Collecting,7324,7324,0
1781954786423,39.509,ws://10.2.2.17:9947,216,3,Collecting,7223,7223,0
1781954786638,39.724,ws://10.2.2.11:9945,216,3,Collecting,6824,6824,0
1781954786638,39.724,ws://10.2.2.14:9946,216,3,Collecting,7324,7324,0
1781954786638,39.724,ws://10.2.2.17:9947,216,3,Collecting,7223,7223,0
1781954786871,39.957,ws://10.2.2.11:9945,216,3,Collecting,6824,6824,0
1781954786871,39.957,ws://10.2.2.14:9946,216,3,Collecting,7324,7324,0
1781954786871,39.957,ws://10.2.2.17:9947,216,3,Collecting,7223,7223,0
1781954787096,40.182,ws://10.2.2.11:9945,216,3,Collecting,6824,6824,0
1781954787096,40.182,ws://10.2.2.14:9946,216,3,Collecting,7324,7324,0
1781954787096,40.182,ws://10.2.2.17:9947,216,3,Collecting,7223,7223,0
1781954787315,40.401,ws://10.2.2.11:9945,216,3,Collecting,6824,6824,0
1781954787315,40.401,ws://10.2.2.14:9946,216,3,Collecting,7324,7324,0
1781954787315,40.401,ws://10.2.2.17:9947,216,3,Collecting,7223,7223,0
1781954787543,40.629,ws://10.2.2.11:9945,216,3,Collecting,6824,6824,0
1781954787543,40.629,ws://10.2.2.14:9946,217,3,Collecting,7586,7586,0
1781954787543,40.629,ws://10.2.2.17:9947,217,3,Collecting,7444,7444,0
1781954787769,40.855,ws://10.2.2.11:9945,217,3,Collecting,7089,7089,0
1781954787769,40.855,ws://10.2.2.14:9946,217,3,Collecting,7586,7586,0
1781954787769,40.855,ws://10.2.2.17:9947,217,3,Collecting,7444,7444,0
1781954788001,41.087,ws://10.2.2.11:9945,217,3,Collecting,7089,7089,0
1781954788001,41.087,ws://10.2.2.14:9946,217,3,Collecting,7586,7586,0
1781954788001,41.087,ws://10.2.2.17:9947,217,3,Collecting,7444,7444,0
1781954788254,41.340,ws://10.2.2.11:9945,217,3,Collecting,7089,7089,0
1781954788254,41.340,ws://10.2.2.14:9946,217,3,Collecting,7586,7586,0
1781954788254,41.340,ws://10.2.2.17:9947,217,3,Collecting,7444,7444,0
1781954788505,41.591,ws://10.2.2.11:9945,217,3,Collecting,7089,7089,0
1781954788505,41.591,ws://10.2.2.14:9946,217,3,Collecting,7586,7586,0
1781954788505,41.591,ws://10.2.2.17:9947,217,3,Collecting,7444,7444,0
1781954788792,41.878,ws://10.2.2.11:9945,217,3,Collecting,7089,7089,0
1781954788792,41.878,ws://10.2.2.14:9946,217,3,Collecting,7586,7586,0
1781954788792,41.878,ws://10.2.2.17:9947,217,3,Collecting,7444,7444,0
1781954789041,42.127,ws://10.2.2.11:9945,217,3,Collecting,7089,7089,0
1781954789041,42.127,ws://10.2.2.14:9946,217,3,Collecting,7586,7586,0
1781954789041,42.127,ws://10.2.2.17:9947,217,3,Collecting,7444,7444,0
1781954789295,42.381,ws://10.2.2.11:9945,217,3,Collecting,7089,7089,0
1781954789295,42.381,ws://10.2.2.14:9946,217,3,Collecting,7586,7586,0
1781954789295,42.381,ws://10.2.2.17:9947,217,3,Collecting,7444,7444,0
1781954789510,42.596,ws://10.2.2.11:9945,217,3,Collecting,7089,7089,0
1781954789510,42.596,ws://10.2.2.14:9946,217,3,Collecting,7586,7586,0
1781954789510,42.596,ws://10.2.2.17:9947,217,3,Collecting,7444,7444,0
1781954789739,42.825,ws://10.2.2.11:9945,218,3,Collecting,7359,7359,0
1781954789739,42.825,ws://10.2.2.14:9946,218,3,Collecting,7854,7854,0
1781954789739,42.825,ws://10.2.2.17:9947,218,3,Collecting,7696,7696,0
1781954789971,43.057,ws://10.2.2.11:9945,218,3,Collecting,7359,7359,0
1781954789971,43.057,ws://10.2.2.14:9946,218,3,Collecting,7854,7854,0
1781954789971,43.057,ws://10.2.2.17:9947,218,3,Collecting,7696,7696,0
1781954790210,43.296,ws://10.2.2.11:9945,218,3,Collecting,7359,7359,0
1781954790210,43.296,ws://10.2.2.14:9946,218,3,Collecting,7854,7854,0
1781954790210,43.296,ws://10.2.2.17:9947,218,3,Collecting,7696,7696,0
1781954790438,43.524,ws://10.2.2.11:9945,218,3,Collecting,7359,7359,0
1781954790438,43.524,ws://10.2.2.14:9946,218,3,Collecting,7854,7854,0
1781954790438,43.524,ws://10.2.2.17:9947,218,3,Collecting,7696,7696,0
1781954790671,43.757,ws://10.2.2.11:9945,218,3,Collecting,7359,7359,0
1781954790671,43.757,ws://10.2.2.14:9946,218,3,Collecting,7854,7854,0
1781954790671,43.757,ws://10.2.2.17:9947,218,3,Collecting,7696,7696,0
1781954790942,44.028,ws://10.2.2.11:9945,219,3,Collecting,7558,7558,0
1781954790942,44.028,ws://10.2.2.14:9946,219,3,Collecting,8088,8088,0
1781954790942,44.028,ws://10.2.2.17:9947,219,3,Collecting,7956,7956,0
1781954791175,44.261,ws://10.2.2.11:9945,219,3,Collecting,7558,7558,0
1781954791175,44.261,ws://10.2.2.14:9946,219,3,Collecting,8088,8088,0
1781954791175,44.261,ws://10.2.2.17:9947,219,3,Collecting,7956,7956,0
1781954791417,44.503,ws://10.2.2.11:9945,219,3,Collecting,7558,7558,0
1781954791417,44.503,ws://10.2.2.14:9946,219,3,Collecting,8088,8088,0
1781954791417,44.503,ws://10.2.2.17:9947,219,3,Collecting,7956,7956,0
1781954791632,44.718,ws://10.2.2.11:9945,219,3,Collecting,7558,7558,0
1781954791632,44.718,ws://10.2.2.14:9946,219,3,Collecting,8088,8088,0
1781954791632,44.718,ws://10.2.2.17:9947,219,3,Collecting,7956,7956,0
1781954791865,44.951,ws://10.2.2.11:9945,219,3,Collecting,7558,7558,0
1781954791865,44.951,ws://10.2.2.14:9946,219,3,Collecting,8088,8088,0
1781954791865,44.951,ws://10.2.2.17:9947,219,3,Collecting,7956,7956,0
1781954792108,45.194,ws://10.2.2.11:9945,219,3,Collecting,7558,7558,0
1781954792108,45.194,ws://10.2.2.14:9946,219,3,Collecting,8088,8088,0
1781954792108,45.194,ws://10.2.2.17:9947,219,3,Collecting,7956,7956,0
1781954792358,45.444,ws://10.2.2.11:9945,219,3,Collecting,7558,7558,0
1781954792358,45.444,ws://10.2.2.14:9946,219,3,Collecting,8088,8088,0
1781954792358,45.444,ws://10.2.2.17:9947,219,3,Collecting,7956,7956,0
1781954792625,45.711,ws://10.2.2.11:9945,219,3,Collecting,7558,7558,0
1781954792625,45.711,ws://10.2.2.14:9946,219,3,Collecting,8088,8088,0
1781954792625,45.711,ws://10.2.2.17:9947,219,3,Collecting,7956,7956,0
1781954792870,45.956,ws://10.2.2.11:9945,219,3,Collecting,7558,7558,0
1781954792870,45.956,ws://10.2.2.14:9946,219,3,Collecting,8088,8088,0
1781954792870,45.956,ws://10.2.2.17:9947,219,3,Collecting,7956,7956,0
1781954793125,46.211,ws://10.2.2.11:9945,219,3,Collecting,7558,7558,0
1781954793125,46.211,ws://10.2.2.14:9946,219,3,Collecting,8088,8088,0
1781954793125,46.211,ws://10.2.2.17:9947,219,3,Collecting,7956,7956,0
1781954793357,46.443,ws://10.2.2.11:9945,219,3,Collecting,7558,7558,0
1781954793357,46.443,ws://10.2.2.14:9946,219,3,Collecting,8088,8088,0
1781954793357,46.443,ws://10.2.2.17:9947,219,3,Collecting,7956,7956,0
1781954793577,46.663,ws://10.2.2.11:9945,219,3,Collecting,7558,7558,0
1781954793577,46.663,ws://10.2.2.14:9946,219,3,Collecting,8088,8088,0
1781954793577,46.663,ws://10.2.2.17:9947,220,3,Collecting,8187,8187,0
1781954793806,46.892,ws://10.2.2.11:9945,220,3,Collecting,7818,7818,0
1781954793806,46.892,ws://10.2.2.14:9946,220,3,Collecting,8333,8333,0
1781954793806,46.892,ws://10.2.2.17:9947,220,3,Collecting,8187,8187,0
1781954794035,47.121,ws://10.2.2.11:9945,220,3,Collecting,7818,7818,0
1781954794035,47.121,ws://10.2.2.14:9946,220,3,Collecting,8333,8333,0
1781954794035,47.121,ws://10.2.2.17:9947,220,3,Collecting,8187,8187,0
1781954794265,47.351,ws://10.2.2.11:9945,220,3,Collecting,7818,7818,0
1781954794265,47.351,ws://10.2.2.14:9946,220,3,Collecting,8333,8333,0
1781954794265,47.351,ws://10.2.2.17:9947,220,3,Collecting,8187,8187,0
1781954794493,47.579,ws://10.2.2.11:9945,220,3,Collecting,7818,7818,0
1781954794493,47.579,ws://10.2.2.14:9946,220,3,Collecting,8333,8333,0
1781954794493,47.579,ws://10.2.2.17:9947,220,3,Collecting,8187,8187,0
1781954794746,47.832,ws://10.2.2.11:9945,220,3,Collecting,7818,7818,0
1781954794746,47.832,ws://10.2.2.14:9946,220,3,Collecting,8333,8333,0
1781954794746,47.832,ws://10.2.2.17:9947,220,3,Collecting,8187,8187,0
1781954795027,48.113,ws://10.2.2.11:9945,220,3,Collecting,7818,7818,0
1781954795027,48.113,ws://10.2.2.14:9946,220,3,Collecting,8333,8333,0
1781954795027,48.113,ws://10.2.2.17:9947,220,3,Collecting,8187,8187,0
1781954795300,48.386,ws://10.2.2.11:9945,220,3,Collecting,7818,7818,0
1781954795300,48.386,ws://10.2.2.14:9946,220,3,Collecting,8333,8333,0
1781954795300,48.386,ws://10.2.2.17:9947,220,3,Collecting,8187,8187,0
1781954795551,48.637,ws://10.2.2.11:9945,220,3,Collecting,7818,7818,0
1781954795551,48.637,ws://10.2.2.14:9946,221,3,Collecting,8563,8563,0
1781954795551,48.637,ws://10.2.2.17:9947,221,3,Collecting,8404,8404,0
1781954795836,48.922,ws://10.2.2.11:9945,221,3,Collecting,8060,8060,0
1781954795836,48.922,ws://10.2.2.14:9946,221,3,Collecting,8563,8563,0
1781954795836,48.922,ws://10.2.2.17:9947,221,3,Collecting,8404,8404,0
1781954796072,49.158,ws://10.2.2.11:9945,221,3,Collecting,8060,8060,0
1781954796072,49.158,ws://10.2.2.14:9946,221,3,Collecting,8563,8563,0
1781954796072,49.158,ws://10.2.2.17:9947,221,3,Collecting,8404,8404,0
1781954796322,49.408,ws://10.2.2.11:9945,221,3,Collecting,8060,8060,0
1781954796322,49.408,ws://10.2.2.14:9946,221,3,Collecting,8563,8563,0
1781954796322,49.408,ws://10.2.2.17:9947,221,3,Collecting,8404,8404,0
1781954796544,49.630,ws://10.2.2.11:9945,221,3,Collecting,8060,8060,0
1781954796544,49.630,ws://10.2.2.14:9946,221,3,Collecting,8563,8563,0
1781954796544,49.630,ws://10.2.2.17:9947,221,3,Collecting,8404,8404,0
1781954796778,49.864,ws://10.2.2.11:9945,221,3,Collecting,8060,8060,0
1781954796778,49.864,ws://10.2.2.14:9946,221,3,Collecting,8563,8563,0
1781954796778,49.864,ws://10.2.2.17:9947,221,3,Collecting,8404,8404,0
1781954797046,50.132,ws://10.2.2.11:9945,222,3,Collecting,8291,8291,0
1781954797046,50.132,ws://10.2.2.14:9946,222,3,Collecting,8770,8770,0
1781954797046,50.132,ws://10.2.2.17:9947,222,3,Collecting,8614,8614,0
1781954797277,50.363,ws://10.2.2.11:9945,222,3,Collecting,8291,8291,0
1781954797277,50.363,ws://10.2.2.14:9946,222,3,Collecting,8770,8770,0
1781954797277,50.363,ws://10.2.2.17:9947,222,3,Collecting,8614,8614,0
1781954797492,50.578,ws://10.2.2.11:9945,222,3,Collecting,8291,8291,0
1781954797492,50.578,ws://10.2.2.14:9946,222,3,Collecting,8770,8770,0
1781954797492,50.578,ws://10.2.2.17:9947,222,3,Collecting,8614,8614,0
1781954797756,50.842,ws://10.2.2.11:9945,222,3,Collecting,8291,8291,0
1781954797756,50.842,ws://10.2.2.14:9946,222,3,Collecting,8770,8770,0
1781954797756,50.842,ws://10.2.2.17:9947,222,3,Collecting,8614,8614,0
1781954797979,51.065,ws://10.2.2.11:9945,222,3,Collecting,8291,8291,0
1781954797979,51.065,ws://10.2.2.14:9946,222,3,Collecting,8770,8770,0
1781954797979,51.065,ws://10.2.2.17:9947,222,3,Collecting,8614,8614,0
1781954798207,51.293,ws://10.2.2.11:9945,222,3,Collecting,8291,8291,0
1781954798207,51.293,ws://10.2.2.14:9946,222,3,Collecting,8770,8770,0
1781954798207,51.293,ws://10.2.2.17:9947,222,3,Collecting,8614,8614,0
1781954798434,51.520,ws://10.2.2.11:9945,222,3,Collecting,8291,8291,0
1781954798434,51.520,ws://10.2.2.14:9946,222,3,Collecting,8770,8770,0
1781954798434,51.520,ws://10.2.2.17:9947,222,3,Collecting,8614,8614,0
1781954798662,51.748,ws://10.2.2.11:9945,222,3,Collecting,8291,8291,0
1781954798662,51.748,ws://10.2.2.14:9946,222,3,Collecting,8770,8770,0
1781954798662,51.748,ws://10.2.2.17:9947,222,3,Collecting,8614,8614,0
1781954798887,51.973,ws://10.2.2.11:9945,222,3,Collecting,8291,8291,0
1781954798887,51.973,ws://10.2.2.14:9946,222,3,Collecting,8770,8770,0
1781954798887,51.973,ws://10.2.2.17:9947,222,3,Collecting,8614,8614,0
1781954799107,52.193,ws://10.2.2.11:9945,222,3,Collecting,8291,8291,0
1781954799107,52.193,ws://10.2.2.14:9946,222,3,Collecting,8770,8770,0
1781954799107,52.193,ws://10.2.2.17:9947,222,3,Collecting,8614,8614,0
1781954799325,52.411,ws://10.2.2.11:9945,222,3,Collecting,8291,8291,0
1781954799325,52.411,ws://10.2.2.14:9946,222,3,Collecting,8770,8770,0
1781954799325,52.411,ws://10.2.2.17:9947,222,3,Collecting,8614,8614,0
1781954799540,52.626,ws://10.2.2.11:9945,222,3,Collecting,8291,8291,0
1781954799540,52.626,ws://10.2.2.14:9946,222,3,Collecting,8770,8770,0
1781954799540,52.626,ws://10.2.2.17:9947,223,3,Collecting,8824,8824,0
1781954799770,52.856,ws://10.2.2.11:9945,223,3,Collecting,8495,8495,0
1781954799770,52.856,ws://10.2.2.14:9946,223,3,Collecting,8986,8986,0
1781954799770,52.856,ws://10.2.2.17:9947,223,3,Collecting,8824,8824,0
1781954799994,53.080,ws://10.2.2.11:9945,223,3,Collecting,8495,8495,0
1781954799994,53.080,ws://10.2.2.14:9946,223,3,Collecting,8986,8986,0
1781954799994,53.080,ws://10.2.2.17:9947,223,3,Collecting,8824,8824,0
1781954800224,53.310,ws://10.2.2.11:9945,223,3,Collecting,8495,8495,0
1781954800224,53.310,ws://10.2.2.14:9946,223,3,Collecting,8986,8986,0
1781954800224,53.310,ws://10.2.2.17:9947,223,3,Collecting,8824,8824,0
1781954800451,53.537,ws://10.2.2.11:9945,223,3,Collecting,8495,8495,0
1781954800451,53.537,ws://10.2.2.14:9946,223,3,Collecting,8986,8986,0
1781954800451,53.537,ws://10.2.2.17:9947,223,3,Collecting,8824,8824,0
1781954800678,53.764,ws://10.2.2.11:9945,223,3,Collecting,8495,8495,0
1781954800678,53.764,ws://10.2.2.14:9946,223,3,Collecting,8986,8986,0
1781954800678,53.764,ws://10.2.2.17:9947,223,3,Collecting,8824,8824,0
1781954800910,53.996,ws://10.2.2.11:9945,223,3,Collecting,8495,8495,0
1781954800910,53.996,ws://10.2.2.14:9946,223,3,Collecting,8986,8986,0
1781954800910,53.996,ws://10.2.2.17:9947,223,3,Collecting,8824,8824,0
1781954801157,54.243,ws://10.2.2.11:9945,223,3,Collecting,8495,8495,0
1781954801157,54.243,ws://10.2.2.14:9946,223,3,Collecting,8986,8986,0
1781954801157,54.243,ws://10.2.2.17:9947,223,3,Collecting,8824,8824,0
1781954801399,54.485,ws://10.2.2.11:9945,223,3,Collecting,8495,8495,0
1781954801399,54.485,ws://10.2.2.14:9946,224,3,Collecting,9153,9153,0
1781954801399,54.485,ws://10.2.2.17:9947,223,3,Collecting,8824,8824,0
1781954801642,54.728,ws://10.2.2.11:9945,224,3,Collecting,8705,8705,0
1781954801642,54.728,ws://10.2.2.14:9946,224,3,Collecting,9153,9153,0
1781954801642,54.728,ws://10.2.2.17:9947,224,3,Collecting,9017,9017,0
1781954801873,54.959,ws://10.2.2.11:9945,224,3,Collecting,8705,8705,0
1781954801873,54.959,ws://10.2.2.14:9946,224,3,Collecting,9153,9153,0
1781954801873,54.959,ws://10.2.2.17:9947,224,3,Collecting,9017,9017,0
1781954802096,55.182,ws://10.2.2.11:9945,224,3,Collecting,8705,8705,0
1781954802096,55.182,ws://10.2.2.14:9946,224,3,Collecting,9153,9153,0
1781954802096,55.182,ws://10.2.2.17:9947,224,3,Collecting,9017,9017,0
1781954802325,55.411,ws://10.2.2.11:9945,224,3,Collecting,8705,8705,0
1781954802325,55.411,ws://10.2.2.14:9946,224,3,Collecting,9153,9153,0
1781954802325,55.411,ws://10.2.2.17:9947,224,3,Collecting,9017,9017,0
1781954802539,55.625,ws://10.2.2.11:9945,224,3,Collecting,8705,8705,0
1781954802539,55.625,ws://10.2.2.14:9946,224,3,Collecting,9153,9153,0
1781954802539,55.625,ws://10.2.2.17:9947,224,3,Collecting,9017,9017,0
1781954802769,55.855,ws://10.2.2.11:9945,224,3,Collecting,8705,8705,0
1781954802769,55.855,ws://10.2.2.14:9946,224,3,Collecting,9153,9153,0
1781954802769,55.855,ws://10.2.2.17:9947,224,3,Collecting,9017,9017,0
1781954802997,56.083,ws://10.2.2.11:9945,225,3,Collecting,8903,8903,0
1781954802997,56.083,ws://10.2.2.14:9946,225,3,Collecting,9360,9360,0
1781954802997,56.083,ws://10.2.2.17:9947,225,3,Collecting,9213,9213,0
1781954803280,56.366,ws://10.2.2.11:9945,225,3,Collecting,8903,8903,0
1781954803280,56.366,ws://10.2.2.14:9946,225,3,Collecting,9360,9360,0
1781954803280,56.366,ws://10.2.2.17:9947,225,3,Collecting,9213,9213,0
1781954803528,56.614,ws://10.2.2.11:9945,225,3,Collecting,8903,8903,0
1781954803528,56.614,ws://10.2.2.14:9946,225,3,Collecting,9360,9360,0
1781954803528,56.614,ws://10.2.2.17:9947,225,3,Collecting,9213,9213,0
1781954803766,56.852,ws://10.2.2.11:9945,225,3,Collecting,8903,8903,0
1781954803766,56.852,ws://10.2.2.14:9946,225,3,Collecting,9360,9360,0
1781954803766,56.852,ws://10.2.2.17:9947,225,3,Collecting,9213,9213,0
1781954804045,57.131,ws://10.2.2.11:9945,225,3,Collecting,8903,8903,0
1781954804045,57.131,ws://10.2.2.14:9946,225,3,Collecting,9360,9360,0
1781954804045,57.131,ws://10.2.2.17:9947,225,3,Collecting,9213,9213,0
1781954804303,57.389,ws://10.2.2.11:9945,225,3,Collecting,8903,8903,0
1781954804303,57.389,ws://10.2.2.14:9946,225,3,Collecting,9360,9360,0
1781954804303,57.389,ws://10.2.2.17:9947,225,3,Collecting,9213,9213,0
1781954804538,57.624,ws://10.2.2.11:9945,225,3,Collecting,8903,8903,0
1781954804538,57.624,ws://10.2.2.14:9946,226,3,Collecting,9419,9419,0
1781954804538,57.624,ws://10.2.2.17:9947,225,3,Collecting,9213,9213,0
1781954804785,57.871,ws://10.2.2.11:9945,225,3,Collecting,8903,8903,0
1781954804785,57.871,ws://10.2.2.14:9946,226,3,Collecting,9419,9419,0
1781954804785,57.871,ws://10.2.2.17:9947,225,3,Collecting,9213,9213,0
1781954805017,58.103,ws://10.2.2.11:9945,225,3,Collecting,8903,8903,0
1781954805017,58.103,ws://10.2.2.14:9946,226,3,Collecting,9419,9419,0
1781954805017,58.103,ws://10.2.2.17:9947,225,3,Collecting,9213,9213,0
1781954805242,58.328,ws://10.2.2.11:9945,225,3,Collecting,8903,8903,0
1781954805242,58.328,ws://10.2.2.14:9946,226,3,Collecting,9419,9419,0
1781954805242,58.328,ws://10.2.2.17:9947,225,3,Collecting,9213,9213,0
1781954805476,58.562,ws://10.2.2.11:9945,225,3,Collecting,8903,8903,0
1781954805476,58.562,ws://10.2.2.14:9946,226,3,Collecting,9419,9419,0
1781954805476,58.562,ws://10.2.2.17:9947,225,3,Collecting,9213,9213,0
1781954805696,58.782,ws://10.2.2.11:9945,226,3,Collecting,9110,9110,0
1781954805696,58.782,ws://10.2.2.14:9946,226,3,Collecting,9419,9419,0
1781954805696,58.782,ws://10.2.2.17:9947,226,3,Collecting,9391,9391,0
1781954805927,59.013,ws://10.2.2.11:9945,226,3,Collecting,9110,9110,0
1781954805927,59.013,ws://10.2.2.14:9946,226,3,Collecting,9419,9419,0
1781954805927,59.013,ws://10.2.2.17:9947,226,3,Collecting,9391,9391,0
1781954806152,59.238,ws://10.2.2.11:9945,226,3,Collecting,9110,9110,0
1781954806152,59.238,ws://10.2.2.14:9946,226,3,Collecting,9419,9419,0
1781954806152,59.238,ws://10.2.2.17:9947,226,3,Collecting,9391,9391,0
1781954806429,59.515,ws://10.2.2.11:9945,226,3,Collecting,9110,9110,0
1781954806429,59.515,ws://10.2.2.14:9946,227,3,Collecting,9461,9461,0
1781954806429,59.515,ws://10.2.2.17:9947,226,3,Collecting,9391,9391,0
1781954806654,59.740,ws://10.2.2.11:9945,226,3,Collecting,9110,9110,0
1781954806654,59.740,ws://10.2.2.14:9946,227,3,Collecting,9461,9461,0
1781954806654,59.740,ws://10.2.2.17:9947,226,3,Collecting,9391,9391,0
1781954807015,60.101,ws://10.2.2.11:9945,226,3,Collecting,9110,9110,0
1781954807015,60.101,ws://10.2.2.14:9946,227,3,Collecting,9461,9461,0
1781954807015,60.101,ws://10.2.2.17:9947,226,3,Collecting,9391,9391,0
1781954807240,60.326,ws://10.2.2.11:9945,226,3,Collecting,9110,9110,0
1781954807240,60.326,ws://10.2.2.14:9946,227,3,Collecting,9461,9461,0
1781954807240,60.326,ws://10.2.2.17:9947,226,3,Collecting,9391,9391,0
1781954807480,60.566,ws://10.2.2.11:9945,226,3,Collecting,9110,9110,0
1781954807480,60.566,ws://10.2.2.14:9946,227,3,Collecting,9461,9461,0
1781954807480,60.566,ws://10.2.2.17:9947,226,3,Collecting,9391,9391,0
1781954807720,60.806,ws://10.2.2.11:9945,227,3,Collecting,9315,9315,0
1781954807720,60.806,ws://10.2.2.14:9946,227,3,Collecting,9461,9461,0
1781954807720,60.806,ws://10.2.2.17:9947,227,3,Collecting,9581,9581,0
1781954807949,61.035,ws://10.2.2.11:9945,227,3,Collecting,9315,9315,0
1781954807949,61.035,ws://10.2.2.14:9946,227,3,Collecting,9461,9461,0
1781954807949,61.035,ws://10.2.2.17:9947,227,3,Collecting,9581,9581,0
1781954808181,61.267,ws://10.2.2.11:9945,227,3,Collecting,9315,9315,0
1781954808181,61.267,ws://10.2.2.14:9946,227,3,Collecting,9461,9461,0
1781954808181,61.267,ws://10.2.2.17:9947,227,3,Collecting,9581,9581,0
1781954808417,61.503,ws://10.2.2.11:9945,227,3,Collecting,9315,9315,0
1781954808417,61.503,ws://10.2.2.14:9946,227,3,Collecting,9461,9461,0
1781954808417,61.503,ws://10.2.2.17:9947,227,3,Collecting,9581,9581,0
1781954808649,61.735,ws://10.2.2.11:9945,227,3,Collecting,9315,9315,0
1781954808649,61.735,ws://10.2.2.14:9946,227,3,Collecting,9461,9461,0
1781954808649,61.735,ws://10.2.2.17:9947,227,3,Collecting,9581,9581,0
1781954808882,61.968,ws://10.2.2.11:9945,227,3,Collecting,9315,9315,0
1781954808882,61.968,ws://10.2.2.14:9946,228,3,Collecting,9671,9671,0
1781954808882,61.968,ws://10.2.2.17:9947,227,3,Collecting,9581,9581,0
1781954809107,62.193,ws://10.2.2.11:9945,228,3,Collecting,9502,9502,0
1781954809107,62.193,ws://10.2.2.14:9946,228,3,Collecting,9671,9671,0
1781954809107,62.193,ws://10.2.2.17:9947,228,3,Collecting,9768,9768,0
1781954809342,62.428,ws://10.2.2.11:9945,228,3,Collecting,9502,9502,0
1781954809342,62.428,ws://10.2.2.14:9946,228,3,Collecting,9671,9671,0
1781954809342,62.428,ws://10.2.2.17:9947,228,3,Collecting,9768,9768,0
1781954809565,62.651,ws://10.2.2.11:9945,228,3,Collecting,9502,9502,0
1781954809565,62.651,ws://10.2.2.14:9946,228,3,Collecting,9671,9671,0
1781954809565,62.651,ws://10.2.2.17:9947,228,3,Collecting,9768,9768,0
1781954809795,62.881,ws://10.2.2.11:9945,228,3,Collecting,9502,9502,0
1781954809795,62.881,ws://10.2.2.14:9946,228,3,Collecting,9671,9671,0
1781954809795,62.881,ws://10.2.2.17:9947,228,3,Collecting,9768,9768,0
1781954810020,63.106,ws://10.2.2.11:9945,228,3,Collecting,9502,9502,0
1781954810020,63.106,ws://10.2.2.14:9946,228,3,Collecting,9671,9671,0
1781954810020,63.106,ws://10.2.2.17:9947,228,3,Collecting,9768,9768,0
1781954810245,63.331,ws://10.2.2.11:9945,228,3,Collecting,9502,9502,0
1781954810245,63.331,ws://10.2.2.14:9946,228,3,Collecting,9671,9671,0
1781954810245,63.331,ws://10.2.2.17:9947,228,3,Collecting,9768,9768,0
1781954810471,63.557,ws://10.2.2.11:9945,228,3,Collecting,9502,9502,0
1781954810471,63.557,ws://10.2.2.14:9946,228,3,Collecting,9671,9671,0
1781954810471,63.557,ws://10.2.2.17:9947,228,3,Collecting,9768,9768,0
1781954810728,63.814,ws://10.2.2.11:9945,228,3,Collecting,9502,9502,0
1781954810728,63.814,ws://10.2.2.14:9946,229,3,Collecting,9752,9752,0
1781954810728,63.814,ws://10.2.2.17:9947,228,3,Collecting,9768,9768,0
1781954810963,64.049,ws://10.2.2.11:9945,228,3,Collecting,9502,9502,0
1781954810963,64.049,ws://10.2.2.14:9946,229,3,Collecting,9752,9752,0
1781954810963,64.049,ws://10.2.2.17:9947,228,3,Collecting,9768,9768,0
1781954811196,64.282,ws://10.2.2.11:9945,228,3,Collecting,9502,9502,0
1781954811196,64.282,ws://10.2.2.14:9946,229,3,Collecting,9752,9752,0
1781954811196,64.282,ws://10.2.2.17:9947,228,3,Collecting,9768,9768,0
1781954811433,64.519,ws://10.2.2.11:9945,228,3,Collecting,9502,9502,0
1781954811433,64.519,ws://10.2.2.14:9946,229,3,Collecting,9752,9752,0
1781954811433,64.519,ws://10.2.2.17:9947,228,3,Collecting,9768,9768,0
1781954811667,64.753,ws://10.2.2.11:9945,229,3,Collecting,9684,9684,0
1781954811667,64.753,ws://10.2.2.14:9946,229,3,Collecting,9752,9752,0
1781954811667,64.753,ws://10.2.2.17:9947,229,3,Collecting,9960,9960,0
1781954811892,64.978,ws://10.2.2.11:9945,229,3,Collecting,9684,9684,0
1781954811892,64.978,ws://10.2.2.14:9946,229,3,Collecting,9752,9752,0
1781954811892,64.978,ws://10.2.2.17:9947,229,3,Collecting,9960,9960,0
1781954812114,65.200,ws://10.2.2.11:9945,229,3,Collecting,9684,9684,0
1781954812114,65.200,ws://10.2.2.14:9946,230,3,Collecting,9752,9752,0
1781954812114,65.200,ws://10.2.2.17:9947,229,3,Collecting,9960,9960,0
1781954812328,65.414,ws://10.2.2.11:9945,229,3,Collecting,9684,9684,0
1781954812328,65.414,ws://10.2.2.14:9946,230,3,Collecting,9752,9752,0
1781954812328,65.414,ws://10.2.2.17:9947,229,3,Collecting,9960,9960,0
1781954812551,65.637,ws://10.2.2.11:9945,229,3,Collecting,9684,9684,0
1781954812551,65.637,ws://10.2.2.14:9946,230,3,Collecting,9752,9752,0
1781954812551,65.637,ws://10.2.2.17:9947,229,3,Collecting,9960,9960,0
1781954812779,65.865,ws://10.2.2.11:9945,229,3,Collecting,9684,9684,0
1781954812779,65.865,ws://10.2.2.14:9946,230,3,Collecting,9752,9752,0
1781954812779,65.865,ws://10.2.2.17:9947,229,3,Collecting,9960,9960,0
1781954813006,66.092,ws://10.2.2.11:9945,229,3,Collecting,9684,9684,0
1781954813006,66.092,ws://10.2.2.14:9946,230,3,Collecting,9752,9752,0
1781954813006,66.092,ws://10.2.2.17:9947,229,3,Collecting,9960,9960,0
1781954813227,66.313,ws://10.2.2.11:9945,229,3,Collecting,9684,9684,0
1781954813227,66.313,ws://10.2.2.14:9946,230,3,Collecting,9752,9752,0
1781954813227,66.313,ws://10.2.2.17:9947,229,3,Collecting,9960,9960,0
1781954813450,66.536,ws://10.2.2.11:9945,229,3,Collecting,9684,9684,0
1781954813450,66.536,ws://10.2.2.14:9946,230,3,Collecting,9752,9752,0
1781954813450,66.536,ws://10.2.2.17:9947,229,3,Collecting,9960,9960,0
1781954813672,66.758,ws://10.2.2.11:9945,230,3,Collecting,9904,9904,0
1781954813672,66.758,ws://10.2.2.14:9946,230,3,Collecting,9752,9752,0
1781954813672,66.758,ws://10.2.2.17:9947,230,3,Collecting,10000,10000,1
1781954813898,66.984,ws://10.2.2.11:9945,230,3,Collecting,9904,9904,0
1781954813898,66.984,ws://10.2.2.14:9946,230,3,Collecting,9752,9752,0
1781954813898,66.984,ws://10.2.2.17:9947,230,3,Collecting,10000,10000,1
1781954814119,67.205,ws://10.2.2.11:9945,230,3,Collecting,9904,9904,0
1781954814119,67.205,ws://10.2.2.14:9946,230,3,Collecting,9752,9752,0
1781954814119,67.205,ws://10.2.2.17:9947,230,3,Collecting,10000,10000,1
1781954814343,67.429,ws://10.2.2.11:9945,230,3,Collecting,9904,9904,0
1781954814343,67.429,ws://10.2.2.14:9946,230,3,Collecting,9752,9752,0
1781954814343,67.429,ws://10.2.2.17:9947,230,3,Collecting,10000,10000,1
1781954814556,67.642,ws://10.2.2.11:9945,230,3,Collecting,9904,9904,0
1781954814556,67.642,ws://10.2.2.14:9946,230,3,Collecting,9752,9752,0
1781954814556,67.642,ws://10.2.2.17:9947,230,3,Collecting,10000,10000,1
1781954814781,67.867,ws://10.2.2.11:9945,230,3,Collecting,9904,9904,0
1781954814781,67.867,ws://10.2.2.14:9946,230,3,Collecting,9752,9752,0
1781954814781,67.867,ws://10.2.2.17:9947,230,3,Collecting,10000,10000,1
1781954815007,68.093,ws://10.2.2.11:9945,231,3,Collecting,10000,10000,1
1781954815007,68.093,ws://10.2.2.14:9946,231,3,Collecting,9956,9956,0
1781954815007,68.093,ws://10.2.2.17:9947,231,3,Collecting,10000,10000,1
1781954815277,68.363,ws://10.2.2.11:9945,231,3,Collecting,10000,10000,1
1781954815277,68.363,ws://10.2.2.14:9946,231,3,Collecting,9956,9956,0
1781954815277,68.363,ws://10.2.2.17:9947,231,3,Collecting,10000,10000,1
1781954815514,68.600,ws://10.2.2.11:9945,231,3,Collecting,10000,10000,1
1781954815514,68.600,ws://10.2.2.14:9946,231,3,Collecting,9956,9956,0
1781954815514,68.600,ws://10.2.2.17:9947,231,3,Collecting,10000,10000,1
1781954815760,68.846,ws://10.2.2.11:9945,231,3,Collecting,10000,10000,1
1781954815760,68.846,ws://10.2.2.14:9946,231,3,Collecting,9956,9956,0
1781954815760,68.846,ws://10.2.2.17:9947,231,3,Collecting,10000,10000,1
1781954815993,69.079,ws://10.2.2.11:9945,231,3,Collecting,10000,10000,1
1781954815993,69.079,ws://10.2.2.14:9946,231,3,Collecting,9956,9956,0
1781954815993,69.079,ws://10.2.2.17:9947,231,3,Collecting,10000,10000,1
1781954816211,69.297,ws://10.2.2.11:9945,231,3,Collecting,10000,10000,1
1781954816211,69.297,ws://10.2.2.14:9946,231,3,Collecting,9956,9956,0
1781954816211,69.297,ws://10.2.2.17:9947,231,3,Collecting,10000,10000,1
1781954816456,69.542,ws://10.2.2.11:9945,231,3,Collecting,10000,10000,1
1781954816456,69.542,ws://10.2.2.14:9946,232,3,Collecting,10000,10000,1
1781954816456,69.542,ws://10.2.2.17:9947,231,3,Collecting,10000,10000,1
